{
  "cv_results": [
    {
      "fold": 0,
      "best_val_acc": 94.82758620689656,
      "best_epoch": 4,
      "train_losses": [
        0.07325855403278883,
        0.040710091791473904,
        0.046507881939984286,
        0.038954981359151694,
        0.03525958935228678,
        0.027802455622272997,
        0.03731367098024258,
        0.03507505369444306
      ],
      "val_losses": [
        0.05469258456970706,
        0.043001143374677864,
        0.04003523027693683,
        0.03537740008058873,
        0.032182772728529846,
        0.03836114431562072,
        0.038225131913680925,
        0.04148835793250438
      ],
      "train_accuracies": [
        79.01442307692308,
        92.33173076923077,
        89.15865384615384,
        93.125,
        93.58173076923077,
        95.64903846153847,
        92.3798076923077,
        92.71634615384616
      ],
      "val_accuracies": [
        88.79310344827586,
        91.37931034482759,
        91.37931034482759,
        93.5823754789272,
        94.82758620689656,
        94.82758620689656,
        92.33716475095785,
        93.5823754789272
      ],
      "early_stopped": true,
      "total_epochs": 5
    },
    {
      "fold": 1,
      "best_val_acc": 92.42569511025887,
      "best_epoch": 5,
      "train_losses": [
        0.09704254215153364,
        0.09742987941090878,
        0.0796949796951734,
        0.06666303779929876,
        0.053108382912782526,
        0.04300226616458251,
        0.05182750765234232,
        0.046909746742592406,
        0.04248686757368537
      ],
      "val_losses": [
        0.0956297812588287,
        0.0901433297178962,
        0.0859157515859062,
        0.06361787235646536,
        0.04406504436029178,
        0.03832981735467911,
        0.05115178876528234,
        0.0469729688131448,
        0.05597057520891681
      ],
      "train_accuracies": [
        66.20192307692308,
        70.21634615384616,
        75.72115384615384,
        83.10096153846153,
        86.61057692307692,
        91.29807692307692,
        88.10096153846153,
        89.83173076923077,
        91.4423076923077
      ],
      "val_accuracies": [
        75.55129434324066,
        60.1150527325024,
        84.27612655800576,
        87.44007670182167,
        90.89165867689357,
        92.42569511025887,
        86.2895493767977,
        88.01534036433365,
        87.15244487056567
      ],
      "early_stopped": true,
      "total_epochs": 6
    },
    {
      "fold": 2,
      "best_val_acc": 95.58964525407478,
      "best_epoch": 5,
      "train_losses": [
        0.072674475538616,
        0.04034222845131388,
        0.04143673794057507,
        0.03846478410638296,
        0.03319101467585334,
        0.027903388782690924,
        0.036690077916360815,
        0.03521392464351195,
        0.032012083395742456
      ],
      "val_losses": [
        0.04651470589592601,
        0.03476472179207838,
        0.03906552908434109,
        0.039890272302948164,
        0.03292869573289698,
        0.03160363362368309,
        0.032705475237559185,
        0.03784104033062855,
        0.038446271594500904
      ],
      "train_accuracies": [
        79.63942307692308,
        91.94711538461539,
        91.46634615384616,
        93.19711538461539,
        94.71153846153847,
        96.08173076923077,
        93.72596153846153,
        94.13461538461539,
        94.15865384615384
      ],
      "val_accuracies": [
        90.41227229146692,
        94.0556088207095,
        93.86385426653884,
        93.7679769894535,
        94.7267497603068,
        95.58964525407478,
        94.53499520613614,
        94.0556088207095,
        93.67209971236817
      ],
      "early_stopped": true,
      "total_epochs": 6
    },
    {
      "fold": 3,
      "best_val_acc": 95.30201342281879,
      "best_epoch": 1,
      "train_losses": [
        0.0684593351987692,
        0.0435544385574758,
        0.04363510163071064,
        0.038515165233268187,
        0.035101418096858725
      ],
      "val_losses": [
        0.0460604809111718,
        0.0368029394779693,
        0.044785494803253445,
        0.04119360867436185,
        0.03274470710223823
      ],
      "train_accuracies": [
        81.51442307692308,
        90.48076923076923,
        90.1923076923077,
        92.1875,
        91.9951923076923
      ],
      "val_accuracies": [
        91.37104506232023,
        95.30201342281879,
        90.79578139980825,
        92.23394055608821,
        93.48034515819751
      ],
      "early_stopped": true,
      "total_epochs": 2
    },
    {
      "fold": 4,
      "best_val_acc": 95.49376797698946,
      "best_epoch": 5,
      "train_losses": [
        0.07863956228471719,
        0.04762339828392634,
        0.041913400662059966,
        0.03791010360090205,
        0.032856688712938474,
        0.029808455239981414,
        0.03496640142626487,
        0.03713784109657774,
        0.034551026177807496
      ],
      "val_losses": [
        0.06429531741322893,
        0.041825356131250206,
        0.03470702322595047,
        0.03376426750963384,
        0.03505156371234493,
        0.031733284859607615,
        0.03277472151217587,
        0.034864813456255375,
        0.03250490181204496
      ],
      "train_accuracies": [
        76.65865384615384,
        90.8173076923077,
        90.9375,
        92.23557692307692,
        94.35096153846153,
        95.8173076923077,
        93.02884615384616,
        93.125,
        93.70192307692308
      ],
      "val_accuracies": [
        81.68744007670182,
        90.22051773729626,
        92.90508149568552,
        93.95973154362416,
        95.30201342281879,
        95.49376797698946,
        94.63087248322148,
        93.57622243528284,
        94.91850431447747
      ],
      "early_stopped": true,
      "total_epochs": 6
    }
  ],
  "mean_performance": 94.72774159420769,
  "std_performance": 1.1805803176481007,
  "fold_performances": [
    94.82758620689656,
    92.42569511025887,
    95.58964525407478,
    95.30201342281879,
    95.49376797698946
  ]
}